Document ID,Terms
1,"['thats', 'condo', 'came', 'luck', 'bottle', 'toppa', 'make', 'life', 'wet', 'visa', 'mixed', 'mother', 'put', 'tryin', 'bid', 'long', 'getting', 'dyke', 'say', 'best', 'owned', 'aint', 'school', 'everywhere', 'friend', 'said', 'like', 'horizon', 'crew', 'pushing', 'oven', 'dee', 'zone', 'alike', 'lucked', 'hitting', 'held', 'time', 'breaker', 'lick', 'come', 'helped', 'baby', 'judge', 'beginner', 'give', 'paper', 'wrong', 'around', 'eye', 'bald', 'fake', 'kisser', 'whip', 'tell', 'crazy', 'acre', 'ring', 'high', 'hellyeah', 'belgium', 'wife', 'genie', 'home', 'play', 'yeah', 'lying', 'lil', 'better', 'know', 'rub', 'dont', 'couple', 'got', 'tongue', 'gave', 'arm', 'alright', 'something', 'whenever', 'love', 'anywhere', 'money', 'left', 'tight', 'singsing', 'try', 'never', 'world', 'finger', 'brick', 'sober', 'top', 'else', 'see', 'right', 'goggles', 'gram', 'heart', 'cause', 'french', 'imma', 'momma', 'pretty', 'call', 'ready', 'slide', 'box', 'tatted', 'seatbelt', 'seldom', 'ratted', 'close', 'mover', 'felt', 'bitch', 'im', 'need', 'anyway', 'stop', 'uh', 'boy', 'get', 'tonight', 'jamaica', 'shaker', 'hot', 'took', 'order', 'holler', 'worry', 'tune', 'want', 'fight', 'daughter', 'husband', 'mine', 'nigga', 'keep', 'lucking', 'excuse', 'side', 'id', 'brother', 'one', 'north', 'pussy', 'let', 'lock', 'drunk', 'welcome', 'thing', 'daddy', 'undenable', '5year']"
2,"['seem', 'kid', 'time', 'yxngxr1', 'bout', 'luck', 'lucky', 'baby', 'start', 'main', 'make', 'making', 'rambling', 'string', 'lately', 'never', 'word', 'listen', 'tv', 'always', 'tell', 'star', 'see', 'run', 'car', 'crazy', 'family', 'could', 'heart', 'comin', 'way', 'much', 'tough', 'home', 'youre', 'yeah', 'cause', 'said', 'gambling', 'rough', 'hair', 'childhood', 'know', 'struggle', 'wont', 'running', 'got', 'show', 'dancing', 'flick', 'ohohohoh', 'bitch', 'something', 'dream', 'playing', 'thing', 'im', 'lucked', 'feel', 'ive', 'game', 'love']"
3,"['going', 'god', 'oh', 'interlude', 'glowie', 'im', 'crazy', 'ep', 'belong']"
4,"['de', 'extraña', 'caro', 'material', 'borrar', 'frente', 'el', 'corriente', 'repente', 'dientes', 'grandes', 'rosendo', 'entro', 'atrás', 'volver', 'parece', 'tan', 'paso', 'al', 'verdad', 'fácilmente', 'agua', 'estrenar', 'ser', 'vacilar', 'entiendo', 'con', 'cliente', 'vientre', 'defiendo', 'los', 'como', 'hago', 'sorprendo', 'la', 'cuando', 'un', '20', 'saco', 'sin', 'goma', 'vendo', 'gente', 'pongo', 'contra', 'canciones', 'que', 'continuamente', 'se', 'paro', 'nada', 'pero', 'palo', 'puede', 'si']"
5,"['de', 'extraña', 'caro', 'material', 'borrar', 'frente', 'el', 'corriente', 'repente', 'dientes', 'rosendo', 'entro', 'atrás', 'lugar', 'volver', 'parece', 'tan', 'paso', 'verdad', 'fácilmente', 'estrenar', 'ser', 'vacilar', 'entiendo', 'con', 'cliente', 'vientre', 'defiendo', 'los', 'como', 'hago', 'sorprendo', 'la', 'cuando', 'un', 'saco', 'sin', 'goma', 'vendo', 'gente', 'pongo', 'contra', 'que', 'continuamente', 'se', 'paro', 'nada', 'fuera', 'pero', 'puede', 'si']"
6,"['point', 'u', 'life', 'care', 'done', 'self', 'stand', 'long', 'crawl', 'could', 'razor', 'erase', 'shot', 'like', 'path', 'anothers', 'clear', 'broken', 'unforgiving', 'burn', 'past', 'dillinger', 'feel', 'line', 'choose', 'time', 'fire', 'wrong', 'four', 'na', 'cant', 'youre', 'know', 'tried', 'dont', 'army', 'ash', 'ive', 'youve', 'wire', 'stoke', 'fall', 'left', 'gon', 'laugh', 'drum', 'distort', 'noble', 'drawn', 'meaning', 'need', 'ago', 'righteousness', 'face', 'therell', 'get', 'want', 'nose', 'kept', 'spite', 'gone', 'take', 'lost', 'stabbings', 'thumb', 'surround', 'ashamed', 'glass', 'side', 'yesterday', 'live', 'compromise', 'one', 'wont', 'view', 'destroying', 'plain', 'realize', 'due', 'let', 'cut', 'anyone', 'march', 'thing', 'selfsatisfied']"
7,"['still', 'letter', 'luck', 'began', 'wasnt', 'busy', 'scene', 'make', 'life', 'head', 'fashion', 'tho', 'back', 'sad', 'stalk', 'million', 'many', 'internet', 'paving', 'receive', 'missed', 'say', 'rilès', 'aint', 'car', '100k', 'dick', 'way', 'blessed', 'mx', 'tripledouble', 'till', 'like', 'twice', 'bish', 'flip', 'change', 'bought', 'show', 'gh5', 'psyche', 'weed', 'december', 'cred', 'feel', 'goddamn', 'sell', 'fleek', 'time', 'clip', 'made', 'come', 'figure', 'switch', 'demon', 'ya', 'alone', 'mad', 'cutting', 'september', 'please', 'worth', 'role', 'invest', 'store', 'sheol', 'shit', 'play', 'lose', 'better', 'sense', 'suck', 'ill', 'rejoin', 'dont', 'course', 'whisper', 'got', 'real', 'lens', 'hmar', 'think', 'swank', 'ball', 'entire', 'bread', 'left', 'less', 'damn', 'try', 'wish', 'never', 'room', 'probably', 'gon', 'buy', 'hey', 'blessing', 'em', 'patience', 'whats', 'much', 'ear', 'rich', 'cause', 'enero', 'rehab', 'miseria', 'november', 'built', 'finished', 'print', 'mean', 'eat', 'im', 'record', 'need', 'hating', 'face', 'directing', 'bout', 'boy', 'rest', 'red', 'worry', 'cs6', 'fear', 'daughter', 'craft', 'gone', 'moan', 'guess', 'lost', 'dissed', 'feeling', 'bailiff', 'gain', 'nigga', 'keep', 'nation', 'street', 'shouldve', 'gut', 'hell', 'dealing', 'didnt', 'preach', 'april', 'sweat', 'mama', 'ignored', 'one', 'elevate', 'talk', 'another', 'som', 'chain', 'pussy', 'reached', 'spending', 'find', 'leave', 'flex', 'fresh', 'want']"
8,"['marijuana', 'none', 'make', 'back', 'cure', 'hoe', 'long', 'hurt', 'sleep', 'rilès', 'aint', 'way', 'till', 'like', 'happen', 'stay', 'para', 'day', 'search', 'fist', 'run', 'time', 'casa', 'writing', 'made', 'fire', 'give', 'alone', '3ein', 'cant', 'truth', 'understand', 'homie', 'tell', 'beach', 'buried', 'liar', 'play', 'yeah', 'better', 'living', 'know', 'ill', 'punani', 'dont', 'sin', 'got', 'turned', 'mind', 'foot', 'would', 'love', 'cubana', 'sleeping', 'since', 'wanted', 'problem', 'try', 'never', 'end', 'much', 'peach', 'grave', 'stack', 'sure', 'mom', 'imma', 'pray', 'ceiling', 'im', 'need', 'face', 'anyway', 'dance', 'stop', 'lone', 'rest', 'want', 'spend', 'doomed', 'lost', 'feeling', 'lie', 'didnt', 'yea', 'tlm', 'one', 'simple', 'pussy', 'step', 'let', 'aware', 'thing', 'read', 'probably']"
9,"['time', 'thats', 'made', 'dime', 'girl', 'start', 'communicating', 'plane', 'last', 'fading', 'inspection', 'repeating', 'money', 'told', 'world', 'picture', 'word', 'dark', 'mono', 'heard', 'death', 'growling', 'dollar', 'catch', 'say', 'sound', 'see', 'travel', 'right', 'needed', 'direction', 'heart', 'way', 'version', 'beating', 'soon', 'funny', 'said', 'nickel', 'brother', 'superstition', 'swallow', 'lot', 'kill', 'vision', 'another', 'que', 'yes', 'mind', 'find', 'vida', 'ive', 'thing', 'voice', 'gravel', 'need', 'want', 'love']"
