Term,Word IDs
thats,1
condo,2
came,3
fuck,4
bottle,5
toppa,6
make,7
life,8
wet,9
visa,10
mixed,11
mother,12
put,13
tryin,14
bid,15
long,16
getting,17
dyke,18
say,19
best,20
owned,21
aint,22
school,23
everywhere,24
friend,25
said,26
like,27
horizon,28
crew,29
pushing,30
oven,31
dee,32
zone,33
alike,34
fucked,35
hitting,36
held,37
time,38
breaker,39
lick,40
come,41
helped,42
baby,43
judge,44
beginner,45
give,46
paper,47
wrong,48
around,49
eye,50
bald,51
fake,52
kisser,53
whip,54
tell,55
crazy,56
acre,57
ring,58
high,59
belgium,60
wife,61
genie,62
home,63
play,64
yeah,65
lying,66
lil,67
better,68
know,69
rub,70
dont,71
couple,72
got,73
tongue,74
gave,75
arm,76
alright,77
something,78
whenever,79
love,80
anywhere,81
money,82
left,83
tight,84
singsing,85
try,86
never,87
world,88
finger,89
brick,90
sober,91
top,92
else,93
see,94
right,95
goggles,96
gram,97
heart,98
cause,99
french,100
imma,101
momma,102
pretty,103
call,104
ready,105
slide,106
box,107
tatted,108
seatbelt,109
seldom,110
ratted,111
close,112
mover,113
felt,114
bitch,115
im,116
need,117
anyway,118
stop,119
uh,120
boy,121
get,122
tonight,123
jamaica,124
shaker,125
hot,126
took,127
order,128
holler,129
worry,130
tune,131
want,132
fight,133
daughter,134
husband,135
mine,136
nigga,137
keep,138
fucking,139
excuse,140
side,141
id,142
brother,143
one,144
north,145
pussy,146
let,147
lock,148
drunk,149
welcome,150
thing,151
daddy,152
5year,153
undenable,154
hellyeah,155
seem,156
kid,157
bout,158
lucky,159
start,160
main,161
making,162
rambling,163
string,164
lately,165
word,166
listen,167
tv,168
always,169
star,170
run,171
car,172
family,173
could,174
comin,175
way,176
much,177
tough,178
youre,179
gambling,180
rough,181
hair,182
childhood,183
struggle,184
wont,185
running,186
show,187
dancing,188
flick,189
ohohohoh,190
dream,191
playing,192
feel,193
ive,194
game,195
yxngxr1,196
going,197
god,198
oh,199
ep,200
belong,201
glowie,202
interlude,203
de,204
extraña,205
caro,206
material,207
borrar,208
frente,209
el,210
corriente,211
repente,212
dientes,213
entro,214
atrás,215
volver,216
parece,217
tan,218
paso,219
verdad,220
fácilmente,221
estrenar,222
ser,223
vacilar,224
entiendo,225
con,226
cliente,227
vientre,228
defiendo,229
los,230
como,231
hago,232
sorprendo,233
la,234
cuando,235
un,236
saco,237
sin,238
goma,239
vendo,240
gente,241
pongo,242
contra,243
que,244
continuamente,245
se,246
paro,247
nada,248
pero,249
puede,250
si,251
canciones,252
agua,253
grandes,254
20,255
palo,256
al,257
rosendo,258
lugar,259
fuera,260
point,261
u,262
care,263
done,264
self,265
stand,266
crawl,267
razor,268
erase,269
shot,270
path,271
anothers,272
clear,273
broken,274
unforgiving,275
burn,276
past,277
line,278
choose,279
fire,280
na,281
cant,282
tried,283
army,284
ash,285
youve,286
wire,287
stoke,288
fall,289
gon,290
laugh,291
drum,292
distort,293
drawn,294
meaning,295
ago,296
righteousness,297
face,298
therell,299
nose,300
kept,301
spite,302
gone,303
take,304
lost,305
thumb,306
surround,307
ashamed,308
glass,309
yesterday,310
live,311
compromise,312
view,313
destroying,314
plain,315
realize,316
due,317
cut,318
anyone,319
march,320
selfsatisfied,321
four,322
dillinger,323
stabbings,324
noble,325
still,326
letter,327
began,328
wasnt,329
busy,330
scene,331
head,332
fashion,333
tho,334
back,335
sad,336
stalk,337
million,338
many,339
internet,340
paving,341
receive,342
missed,343
rilès,344
100k,345
dick,346
blessed,347
mx,348
tripledouble,349
till,350
twice,351
bish,352
flip,353
change,354
bought,355
gh5,356
psyche,357
weed,358
december,359
cred,360
goddamn,361
sell,362
fleek,363
clip,364
made,365
figure,366
switch,367
demon,368
ya,369
alone,370
mad,371
cutting,372
september,373
please,374
worth,375
role,376
invest,377
store,378
sheol,379
shit,380
lose,381
sense,382
suck,383
rejoin,384
course,385
whisper,386
real,387
lens,388
hmar,389
think,390
swank,391
ball,392
entire,393
bread,394
less,395
damn,396
wish,397
room,398
probably,399
buy,400
hey,401
blessing,402
em,403
patience,404
whats,405
ear,406
rich,407
enero,408
rehab,409
miseria,410
november,411
built,412
finished,413
print,414
mean,415
eat,416
record,417
hating,418
directing,419
rest,420
red,421
cs6,422
fear,423
craft,424
moan,425
guess,426
dissed,427
feeling,428
bailiff,429
gain,430
nation,431
street,432
shouldve,433
gut,434
hell,435
dealing,436
didnt,437
preach,438
april,439
sweat,440
mama,441
ignored,442
elevate,443
talk,444
another,445
som,446
chain,447
reached,448
spending,449
find,450
leave,451
flex,452
fresh,453
ill,454
marijuana,455
none,456
cure,457
hoe,458
hurt,459
sleep,460
happen,461
stay,462
para,463
day,464
search,465
fist,466
casa,467
writing,468
3ein,469
truth,470
understand,471
homie,472
beach,473
buried,474
liar,475
living,476
punani,477
turned,478
mind,479
foot,480
would,481
cubana,482
sleeping,483
since,484
wanted,485
problem,486
end,487
peach,488
grave,489
stack,490
sure,491
mom,492
pray,493
ceiling,494
dance,495
lone,496
spend,497
doomed,498
lie,499
yea,500
tlm,501
simple,502
step,503
aware,504
read,505
dime,506
girl,507
communicating,508
plane,509
last,510
fading,511
inspection,512
repeating,513
told,514
picture,515
dark,516
heard,517
death,518
growling,519
dollar,520
catch,521
sound,522
travel,523
needed,524
direction,525
beating,526
soon,527
funny,528
nickel,529
superstition,530
swallow,531
lot,532
kill,533
vision,534
yes,535
voice,536
gravel,537
version,538
mono,539
vida,540
