"id","name","album_name","artists","danceability","energy","key","loudness","mode","speechiness","acousticness","instrumentalness","liveness","valence","tempo","duration_ms","lyrics"
"0Prct5TDjAnEgIqbxcldY9","!","UNDEN!ABLE","['HELLYEAH']",0.415,0.605,7,-11.157,1,0.0575,0.00116,0.838,0.471,0.193,100.059,79500.0,"He said he came from Jamaica,
 he owned a couple acres A couple fake visas 'cause he never got his
 papers Gave up on love lucking with them heart breakers But he was
 getting money with the movers and the shakers He was mixed with a
 couple things, bald like a couple rings Bricks in the condo and grams
 to sing-sing Left arm,
 baby mother tatted 5-year bid up North when they ratted Anyway I felt
 him, helped him, put him on lock,
 seat-belt him Took him out to Belgium, welcome Bitches this pretty,
 that's seldom This box better than the box he was held in I'm Momma
 Dee in that order, I call him Daddy like daughters He like it when I
 get drunk, but I like it when he be sober That's top of the toppa,
 off of his fingers, I'm in the zone They holler at me, but it's you,
 you, this ain't high school Me and my crew,
 we can slide through Give it to you whenever you want,
 whip it whenever you want Baby it's yours Anywhere, everywhere,
 baby it's your world, ain't it?
 (alright) Baby it's your world, ain't it?
 Uh, she got a nigga at home and one on the side Best friend is a
 dyke, they lucked around a few times Her and her momma alike,
 so all they do is fight I tell her ""make me some money"",
 she tell me ""make me a wife"" I tell that bitch ""you crazy,
 luck wrong with you?"" And excuse my French,
 but I'm a long kisser And then she try to tell me I'm the only one
 that's hitting And I say ""what about them niggas?"" She say:
 ""what about them niggas?"" You right, what you doing tonight?
 Put on something tight, don't judge me,
 I'd get life She love me like a brother,
 but luck me like a husband Pussy like a oven,
 too hot to put my tongue in All I had to do is rub it,
 the genie out the bottle Pussy so wet,
 I'mma need goggles She tell me that's it's mine,
 I tell her ""stop lying, mine and who else?
 "" She say worry about yourself Lil Tune They holler at me,
 but it's you, you, this ain't high school Me and my crew,
 we can slide through Give it to you whenever you want,
 whip it whenever you want Baby it's yours
 Anywhere, everywhere, baby it's your world, ain't it?
 Baby it's your world, ain't it?
 I know you want it boy, I see you tryin' Just keep on pushing,
 I'mma let you slide in Just close your eyes and,
 this horizon It's ready, come get you some Yeah, yeah, yeah, yeah"
"2ASl4wirkeYm3OWZxXKYuq","!!","","Yxngxr1",0.788,0.648,7,-9.135,0,0.315,0.9,0.0,0.176,0.287,79.998,114000.0,"lucked a bitch, now she running with my kids
 And you said I never listen, yeah, yeah
 Yeah, yeah, yeah
 Tell me all the things 'bout your family
 Struggle with your words, said you're rambling
 Always playing games but you're gambling
 But you got me on a string and I'm dancing
 Tell me your childhood TV shows
 Tell me something that I could run with
 So I feel lucky
 So I feel lucky, yeah
 I'm only here for love
 Tell me all the things about you, baby
 I won't know
 I'm only here for love
 Tell me all the things about you, baby
 I won't know
 I'm only here for love
 Tell me all the things about you, baby
 I won't know
 I'm only here for love, oh-oh-oh-oh
 Got a tough heart 'cause of your rough start
 But you love cars
 And I love stars
 And your main dream is the only thing you see
 But you never luck with me
 But I'm more than I seem, yeah
 Comin' home to you, baby
 And the way you flick your hair makes me crazy
 I've been making so much time for you lately
 But you never have time for me lately
 I'm only here for love
 Tell me all the things about you, baby
 I won't know
 I'm only here for love
 Tell me all the things about you, baby
 I won't know
 I'm only here for love
 Tell me all the things about you, baby
 I won't know
 I'm only here for love, oh-oh-oh-oh
 I'm only here for love, oh-oh-oh-oh
 "
"69lcggVPmOr9cvPx9kLiiN","!!! - Interlude","Where I Belong EP","['Glowie']",0.0,0.0354,7,-20.151,0,0.0,0.908,0.0,0.479,0.0,0.0,11413.0,"Oh, my God, I'm going crazy
 "
"4U7dlZjg1s9pjdppqZy0fm","!!De Repente!!","Un Palo Al Agua (20 Grandes Canciones)","['Rosendo']",0.657,0.882,5,-6.34,1,0.0385,0.0074,1.27e-05,0.0474,0.939,123.588,198173.0,"Continuamente se extraña la gente si no puede ser verdad
 que de repente tan fácilmente material sin estrenar
 sin estrenar, material sin estrenar.
 De nada entiendo, pero me defiendo con la goma de borrar
 y me sorprendo de como vendo material sin estrenar
 sin estrenar, material sin estrenar,
 material sin estrenar, material sin estrenar.
 Cuando el cliente saco los dientes y me pongo a vacilar
 y de repente me hago de vientre, material sin estrenar
 sin estrenar, material sin estrenar.
 Parece caro, pero no me paro y sin volver un paso atrás
 entro de frente contra la corriente material sin estrenar
 sin estrenar, material sin estrenar,
 material sin estrenar, material sin estrenar.
 "
"4v1IBp3Y3rpkWmWzIlkYju","!!De Repente!!","Fuera De Lugar","['Rosendo']",0.659,0.893,5,-8.531,1,0.0411,0.0922,1.91e-05,0.0534,0.951,123.6,199827.0,"Continuamente se extraña la gente si no puede ser verdad
 que de repente tan fácilmente material sin estrenar
 sin estrenar, material sin estrenar.
 De nada entiendo, pero me defiendo con la goma de borrar
 y me sorprendo de como vendo material sin estrenar
 sin estrenar, material sin estrenar,
 material sin estrenar, material sin estrenar.
 Cuando el cliente saco los dientes y me pongo a vacilar
 y de repente me hago de vientre, material sin estrenar
 sin estrenar, material sin estrenar.
 Parece caro, pero no me paro y sin volver un paso atrás
 entro de frente contra la corriente material sin estrenar
 sin estrenar, material sin estrenar,
 material sin estrenar, material sin estrenar.
 "
"5tA3ImW310llKo8EMBj2Ga","!!Noble Stabbings!!","","Dillinger Four",0.171,0.957,2,-5.749,1,0.149,2.88e-05,3.24e-05,0.33,0.349,175.317,197400.0,"You like to stand on the other side
 Point and laugh so self-satisfied
 Lines drawn so plain and clear to you
 So plain and clear they distort your view
 Won't be ashamed of the things I've done
 Live for myself I can't march to your drum
 You were lost to me long ago
 Tried to get past your self righteousness
 But you kept me below
 I am not unforgiving
 But I won't take the fall
 Let the ashes surround us
 I am not gonna crawl through
 Broken glass and razor wire
 I don't care if yesterday burns
 Stoke up the fire
 It's like a shot when you realize
 Destroying yourself is not a compromise
 Cut off your nose to spite your face
 There are some things in life
 That time can't erase, you know
 We all choose paths that we know are wrong
 And live with ourselves
 When the meaning is gone
 It could be you, me, anyone
 But I don't need to feel another's under my thumb
 In spite of the things you've don'e, you're left with an army of one
 In spite of the things you do, there'll be no one left there with you
 In spite of the things you want, you will get what you're due
 "
"0fROT4kK5oTm8xO8PX6EJF","!I'll Be Back!","!I'll Be Back!","Rilès",0.823,0.612,1,-7.767,1,0.248,0.168,0.0,0.109,0.688,142.959,178533.0,"It's been a while, shit I missed the rehab, psyche was gone
 Ain't no room for rest when demons whisper ""We should've won""
 Ain't no room for miseria when you got all you want
 You think I'm back at it, guess what ya Hmar, never been gone
 Hey mama don't worry no more
 Made 100k just from the store
 Another million to record
 The bailiff's daughters at my shows
 I'm twice as blessed as I'm ignored
 I need less but I want more
 I still do my shit alone, 'cause alone is way too much
 And they say
 What the luck is on? Who the luck is in?
 Where the hell you at? Where the hell you been?
 Who the luck is she? Who you dealing with?
 Rilès back at it, Rilès never left
 Do you want to leave 'em hating?
 Or do you want to elevate 'em?
 Do you want to keep the paving?
 Boy you better not lose your patience
 Dissed by nation, 'cause it's the fashion
 But time's gon make all it's sense
 I can do my shit alone, 'cause we're many in my head
 September I finished it
 November on the scene
 Till December I built the entire store and made the prints
 Enero till April busy directing and cutting clips
 GH5, CS6
 Lost some time but it's on fleek
 Face to face you ain't gon' do shit
 'Cause of course it's the internet
 From all the letters I did receive
 No one had the guts to come at my face
 Niggas play roles
 Niggas do flex
 Niggas sell weed just to buy a street cred
 So eat my balls
 Suck another dick
 And try to find yourself
 Didn't buy a car, I bought a lens
 DIdn't buy a chain, I bought a MX with a RED
 DIdn't buy to flex
 I'm better spending all I got to invest in my craft
 And triple-double all the blessings from my gains
 It's all on me, if you talk 'bout bread
 It's all on me, ain't no swank, don't sweat
 It's all on me, 'cause it began like we
 Only figures flip, no I didn't change
 And they say
 What the luck is on? Who the luck is in?
 Where the hell you at? Where the hell you been?
 Who the luck is she? Who you dealing with?
 Rilès back at it, Rilès never left
 Why you mad? What you mean?
 Pussy feelings
 Why you moan? What you feel?
 When your ear me
 Why you stalk?
 Why you here?
 Why you talk?
 Is it fear?
 What's your life?
 Probably som' sad and no worth so
 Which one do you wish for me, bish
 Why do you preach for?
 ""Please never switch you a real one!""
 Rich boy, will he rejoin what he reached for?
 Still fresh out the sheol, wasn't shit tho
 Damn damn, goddamn
 Damn, goddamn, goddamn
 Damn damn, goddamn
 Damn, goddamn, goddamn
 Damn damn, goddamn
 Damn, goddamn, goddamn
 Damn damn, goddamn
 Damn, goddamn, goddamn
 Damn damn, goddamn
 Damn, goddamn, goddamn
 Damn damn, goddamn
 Damn, goddamn, goddamn
 Damn damn, goddamn
 Damn, goddamn, goddamn
 Damn damn, goddamn
 Damn, goddamn, goddamn
 "
"1xBFhv5faebv3mmwxx7DnS","!Lost!","","Rilès",0.729,0.552,7,-8.562,0,0.065,0.183,0.0,0.131,0.38,86.103,186197.0,"I would like to give you all my time
 I would like to tell you how much I love you
 Since I can't do none as I'm a liar
 Let me spend the rest of my days all alone
 Yeah you like to dance, all over my sins
 And I make love to you like imma hurt you more
 Yeah you like to pray, for all of my sins
 When they made me aware of what I'm just for sure, yeah
 I'm so lost
 Lost
 I'm so lost
 Lost
 I try to step back from the 3ein all on me
 I got one foot in the grave, my fist in her punani
 Living like it didn't happen 'till it fires back at me
 I know I'll probably end up in Cubana sleeping by the beach
 But all I wanted was some peaches, marijuana and a casa para mom
 All I wanted was the simple truth, no lie
 All it did just hurt me more
 Now I ain't got time for your pussy
 Time for them hoes
 Time for the simple things I turned down before
 No time for your pussy
 Time only knows
 Time never runs
 But homie time never stops to dance
 All over my sins
 And I make love to you like imma hurt you more
 Yeah you like to pray, for all of my sins
 When they made me aware of what I'm just for sure, yea
 I'm so lost
 So Lost
 So Lost
 So Lost
 So Lost
 So Lost
 You can sleep on the problem
 You can search on my way
 It's buried in the mind, don't try to read my face
 You do not understand, it's better anyway
 Writing for the cure, need stacks and a ceiling
 And since you want me to stay
 And now want me to play with your feelings
 Doomed to be 'lone again
 As long as I got my TLM
 ♪
 I would like to give you all my time
 I would like to tell you how much I love you
 Since I can't do none as I'm a liar
 Let me spend the rest of my days all alone
 "
"0gNNToCW3qjabgTyBSjt3H","!Que Vida! - Mono Version","","['Love']",0.6,0.54,9,-11.803,1,0.0328,0.525,0.00305,0.1,0.547,125.898,220560.0,"With pictures and words
 Is this communicating?
 The sounds that I've heard
 The growling voice then fading
 And yes, my heart was beating
 Or was it just repeating?
 ♪
 With nickels and dimes
 You soon will have a dollar
 Am I in your time?
 I see no need to swallow
 Or catch a plane to travel
 My mind's not made of gravel
 ♪
 Can you find your way?
 Or do you want my vision?
 It's dark there, they say
 But that's just superstition
 And in my last inspection
 Is this the right direction?
 ♪
 I once had a girl
 She told me I was funny
 She said in your world
 You needed lots of money
 And things to kill your brother
 But death just starts another
 "